platform,title,company,location,url
"linkedin","Frontend Developer","Swiggy","India","https://in.linkedin.com/jobs/view/frontend-developer-at-swiggy-4342070339?position=1&pageNum=0&refId=SIFi8ZUq65mLTcT3ffXhkw%3D%3D&trackingId=%2BQipXB27YSD4%2FoMn0XSiVg%3D%3D"
"linkedin","Software Engineer, Frontend","DoorDash","Pune, Maharashtra, India","https://in.linkedin.com/jobs/view/software-engineer-frontend-at-doordash-4248552076?position=2&pageNum=0&refId=SIFi8ZUq65mLTcT3ffXhkw%3D%3D&trackingId=bdkETl%2FkX9Ief96rDNxPVA%3D%3D"
"linkedin","UI 3","Flipkart","Bengaluru, Karnataka, India","https://in.linkedin.com/jobs/view/ui-3-at-flipkart-4323527381?position=3&pageNum=0&refId=SIFi8ZUq65mLTcT3ffXhkw%3D%3D&trackingId=dspzfSPbUU5%2BCx46BMDpEg%3D%3D"
"linkedin","Frontend Software Engineer","ShyftLabs","Noida, Uttar Pradesh, India","https://in.linkedin.com/jobs/view/frontend-software-engineer-at-shyftlabs-4340336468?position=4&pageNum=0&refId=SIFi8ZUq65mLTcT3ffXhkw%3D%3D&trackingId=q9uYstYwTnyQDB1WpO7Z2A%3D%3D"
"linkedin","Software Engineer - Frontend","PayPal","Bengaluru, Karnataka, India","https://in.linkedin.com/jobs/view/software-engineer-frontend-at-paypal-4348380709?position=5&pageNum=0&refId=SIFi8ZUq65mLTcT3ffXhkw%3D%3D&trackingId=%2Fn74ZXaP4Ns5%2F1XXL8ZxDw%3D%3D"
"linkedin","Front-end Developer","Faspay","Sawah Besar, Jakarta, Indonesia","https://id.linkedin.com/jobs/view/front-end-developer-at-faspay-4342320735?position=6&pageNum=0&refId=SIFi8ZUq65mLTcT3ffXhkw%3D%3D&trackingId=hKPk%2B6m1u%2B7HAbWUl8CK4g%3D%3D"
"linkedin","UI Developer","Persistent Systems","Bengaluru, Karnataka, India","https://in.linkedin.com/jobs/view/ui-developer-at-persistent-systems-4205911056?position=7&pageNum=0&refId=SIFi8ZUq65mLTcT3ffXhkw%3D%3D&trackingId=GXriO90LicyjRsufGX252g%3D%3D"
"linkedin","Software Engineer I, ITC","Nike","Karnataka, India","https://in.linkedin.com/jobs/view/software-engineer-i-itc-at-nike-4340758308?position=8&pageNum=0&refId=SIFi8ZUq65mLTcT3ffXhkw%3D%3D&trackingId=eKrmpJIpifFWBHRJvUzy6w%3D%3D"
"linkedin","React Developer","Persistent Systems","Hyderabad, Telangana, India","https://in.linkedin.com/jobs/view/react-developer-at-persistent-systems-4205905672?position=9&pageNum=0&refId=SIFi8ZUq65mLTcT3ffXhkw%3D%3D&trackingId=mwKo1v8M7Fw%2FHqmyt0w7ng%3D%3D"
"linkedin","Software Engineer - Frontend","PayPal","Chennai, Tamil Nadu, India","https://in.linkedin.com/jobs/view/software-engineer-frontend-at-paypal-4348410085?position=10&pageNum=0&refId=SIFi8ZUq65mLTcT3ffXhkw%3D%3D&trackingId=ic%2B5Pj0o%2F7oBOTcF8wt%2FLw%3D%3D"
"linkedin","Software Engineer -2","Microsoft","Bengaluru, Karnataka, India","https://in.linkedin.com/jobs/view/software-engineer-2-at-microsoft-4341065632?position=11&pageNum=0&refId=SIFi8ZUq65mLTcT3ffXhkw%3D%3D&trackingId=my7RKWmPLIik7Hidw2VQSQ%3D%3D"
"linkedin","UI Developer","Persistent Systems","Hyderabad, Telangana, India","https://in.linkedin.com/jobs/view/ui-developer-at-persistent-systems-4205905707?position=12&pageNum=0&refId=SIFi8ZUq65mLTcT3ffXhkw%3D%3D&trackingId=3b15ib0lRRgvfdE25OoQjg%3D%3D"
"linkedin","Software Engineer 2","Microsoft","Bengaluru, Karnataka, India","https://in.linkedin.com/jobs/view/software-engineer-2-at-microsoft-4341255173?position=13&pageNum=0&refId=SIFi8ZUq65mLTcT3ffXhkw%3D%3D&trackingId=mTL%2BnwKZ5hS1jWsLsxM3zw%3D%3D"
"linkedin","Software Development Engineer 3: Web Frontend","Adobe","Noida, Uttar Pradesh, India","https://in.linkedin.com/jobs/view/software-development-engineer-3-web-frontend-at-adobe-4321704459?position=14&pageNum=0&refId=SIFi8ZUq65mLTcT3ffXhkw%3D%3D&trackingId=6EdV57W%2BZX7wa5wk%2Fs938w%3D%3D"
"linkedin","Junior Frontend Developer (React)","Frekuent","Barcelona, Catalonia, Spain","https://es.linkedin.com/jobs/view/junior-frontend-developer-react-at-frekuent-4348352642?position=15&pageNum=0&refId=SIFi8ZUq65mLTcT3ffXhkw%3D%3D&trackingId=jSSgo61ntDYV0SMVGXayiA%3D%3D"
"linkedin","Software Engineer Frontend (L5) - Data Experience","Netflix","United States","https://www.linkedin.com/jobs/view/software-engineer-frontend-l5-data-experience-at-netflix-4315480236?position=16&pageNum=0&refId=SIFi8ZUq65mLTcT3ffXhkw%3D%3D&trackingId=eM7yj9uoTW7J%2F9AxFUrKmA%3D%3D"
"linkedin","Software Engineer","GreenSlate","Cartago, Cartago, Costa Rica","https://cr.linkedin.com/jobs/view/software-engineer-at-greenslate-4340728245?position=17&pageNum=0&refId=SIFi8ZUq65mLTcT3ffXhkw%3D%3D&trackingId=hozGxJfwqLywrmTiCaah0A%3D%3D"
"linkedin","Software Engineer 1","Intuit","Bengaluru, Karnataka, India","https://in.linkedin.com/jobs/view/software-engineer-1-at-intuit-4325330338?position=18&pageNum=0&refId=SIFi8ZUq65mLTcT3ffXhkw%3D%3D&trackingId=EulX7AfzYvm8RSa%2Fp7fNZg%3D%3D"
"linkedin","Software Engineer, Frontend","Wealthfront","New York, NY","https://www.linkedin.com/jobs/view/software-engineer-frontend-at-wealthfront-4321886768?position=19&pageNum=0&refId=SIFi8ZUq65mLTcT3ffXhkw%3D%3D&trackingId=LUcZPzppriIG98Bf70xumQ%3D%3D"
"linkedin","Software Engineer - Frontend","Samsung Southeast Asia & Oceania","Jakarta, Jakarta, Indonesia","https://id.linkedin.com/jobs/view/software-engineer-frontend-at-samsung-southeast-asia-oceania-4342091683?position=20&pageNum=0&refId=SIFi8ZUq65mLTcT3ffXhkw%3D%3D&trackingId=JW%2FaU%2B9smIO5z8tGky1OdQ%3D%3D"
"linkedin","Software Engineer","DHL","Chennai, Tamil Nadu, India","https://in.linkedin.com/jobs/view/software-engineer-at-dhl-4325250443?position=21&pageNum=0&refId=SIFi8ZUq65mLTcT3ffXhkw%3D%3D&trackingId=8JyOofN9gup5VuIR%2FJoVJg%3D%3D"
"linkedin","Frontend Developer (JavaScript, TypeScript & NextJS)","Acowale","Bengaluru, Karnataka, India","https://in.linkedin.com/jobs/view/frontend-developer-javascript-typescript-nextjs-at-acowale-4325815392?position=22&pageNum=0&refId=SIFi8ZUq65mLTcT3ffXhkw%3D%3D&trackingId=Ht6ywD5Lr2el6h%2B1OQRZ7w%3D%3D"
"linkedin","Software Engineer, Frontend","Wealthfront","San Francisco, CA","https://www.linkedin.com/jobs/view/software-engineer-frontend-at-wealthfront-4321796922?position=23&pageNum=0&refId=SIFi8ZUq65mLTcT3ffXhkw%3D%3D&trackingId=Mp7yoF4LbCMlBHERKQ%2FwIg%3D%3D"
"linkedin","Front End Developer","IBM","Bengaluru East, Karnataka, India","https://in.linkedin.com/jobs/view/front-end-developer-at-ibm-4348663475?position=24&pageNum=0&refId=SIFi8ZUq65mLTcT3ffXhkw%3D%3D&trackingId=V2Avx0sVoBEl9DMewyjKpQ%3D%3D"
"linkedin","SDE 1","Licious","Bengaluru, Karnataka, India","https://in.linkedin.com/jobs/view/sde-1-at-licious-4325194567?position=25&pageNum=0&refId=SIFi8ZUq65mLTcT3ffXhkw%3D%3D&trackingId=DeYURYQ6qb26MP9oPrjzig%3D%3D"
"linkedin","DÃ©veloppeur de logiciel | Software Developer","Delmar International Inc.","Montreal, Quebec, Canada","https://ca.linkedin.com/jobs/view/d%C3%A9veloppeur-de-logiciel-software-developer-at-delmar-international-inc-4341202312?position=26&pageNum=0&refId=SIFi8ZUq65mLTcT3ffXhkw%3D%3D&trackingId=4b6qUjBySnWbcpEaiZcAVQ%3D%3D"
"linkedin","Software Engineer 3 - Frontend","eBay","Bengaluru, Karnataka, India","https://in.linkedin.com/jobs/view/software-engineer-3-frontend-at-ebay-4340248642?position=27&pageNum=0&refId=SIFi8ZUq65mLTcT3ffXhkw%3D%3D&trackingId=NBaq3GR%2FFUDNZRjEGe7aeg%3D%3D"
"linkedin","Software Engineer, Frontend","Wealthfront","Palo Alto, CA","https://www.linkedin.com/jobs/view/software-engineer-frontend-at-wealthfront-4321816786?position=28&pageNum=0&refId=SIFi8ZUq65mLTcT3ffXhkw%3D%3D&trackingId=EDepJzBD08G7aoFF0809iw%3D%3D"
"linkedin","UI Developer","Hotelogix","Bengaluru, Karnataka, India","https://in.linkedin.com/jobs/view/ui-developer-at-hotelogix-4326150337?position=29&pageNum=0&refId=SIFi8ZUq65mLTcT3ffXhkw%3D%3D&trackingId=X6Sk0ZjvKJvKT8qi%2FtnMgA%3D%3D"
"linkedin","Software Engineer I , ITC","Nike","Karnataka, India","https://in.linkedin.com/jobs/view/software-engineer-i-itc-at-nike-4342270779?position=30&pageNum=0&refId=SIFi8ZUq65mLTcT3ffXhkw%3D%3D&trackingId=BkFbb5UzWOZzBmNSffQdoA%3D%3D"
"linkedin","Software Engineer, Frontend","Wealthfront","Seattle, WA","https://www.linkedin.com/jobs/view/software-engineer-frontend-at-wealthfront-4321996458?position=31&pageNum=0&refId=SIFi8ZUq65mLTcT3ffXhkw%3D%3D&trackingId=aLbIE5MllN9kGmycCS5heg%3D%3D"
"linkedin","Software Engineer, Frontend (India)","Glean","Bengaluru, Karnataka, India","https://in.linkedin.com/jobs/view/software-engineer-frontend-india-at-glean-4273784274?position=32&pageNum=0&refId=SIFi8ZUq65mLTcT3ffXhkw%3D%3D&trackingId=g9%2BWW1XtHwSX%2BG6EnF4%2BWA%3D%3D"
"linkedin","Software Engineer II","Microsoft","Bengaluru, Karnataka, India","https://in.linkedin.com/jobs/view/software-engineer-ii-at-microsoft-4341505190?position=33&pageNum=0&refId=SIFi8ZUq65mLTcT3ffXhkw%3D%3D&trackingId=HrlYGGPSLl1Bb6gtVyYjrw%3D%3D"
"linkedin","Senior Software Engineer - Frontend","Microsoft","Bengaluru, Karnataka, India","https://in.linkedin.com/jobs/view/senior-software-engineer-frontend-at-microsoft-4341205438?position=34&pageNum=0&refId=SIFi8ZUq65mLTcT3ffXhkw%3D%3D&trackingId=UdDu%2FaHSPGVDAR5jKgENQA%3D%3D"
"linkedin","Software Engineer II - Frontend","Microsoft","Hyderabad, Telangana, India","https://in.linkedin.com/jobs/view/software-engineer-ii-frontend-at-microsoft-4342140382?position=35&pageNum=0&refId=SIFi8ZUq65mLTcT3ffXhkw%3D%3D&trackingId=RZcp3T9aDq9Ab5rk72YTAg%3D%3D"
"linkedin","Frontend Developer","Octopus Energy","Milan, Lombardy, Italy","https://it.linkedin.com/jobs/view/frontend-developer-at-octopus-energy-4340194345?position=36&pageNum=0&refId=SIFi8ZUq65mLTcT3ffXhkw%3D%3D&trackingId=cvGO5Tk4zrRqCj2fJAOiwA%3D%3D"
"linkedin","Frontend Developer","Octopus Energy","Ascoli Piceno, Marche, Italy","https://it.linkedin.com/jobs/view/frontend-developer-at-octopus-energy-4340743791?position=37&pageNum=0&refId=SIFi8ZUq65mLTcT3ffXhkw%3D%3D&trackingId=ho9dvP4BOge0k45McMixRA%3D%3D"
"linkedin","Frontend Developer (React)","Timo Talent","Colombia","https://co.linkedin.com/jobs/view/frontend-developer-react-at-timo-talent-4340701764?position=38&pageNum=0&refId=SIFi8ZUq65mLTcT3ffXhkw%3D%3D&trackingId=%2BpqCKcOQV6zZNLizsQETEA%3D%3D"
"linkedin","DEVELOPER LOW-CODE JR","Mundiale","Belo Horizonte, Minas Gerais, Brazil","https://br.linkedin.com/jobs/view/developer-low-code-jr-at-mundiale-4348197289?position=39&pageNum=0&refId=SIFi8ZUq65mLTcT3ffXhkw%3D%3D&trackingId=zXvipzkU%2BCVwekxIP3B7jw%3D%3D"
"linkedin","Software Engineer, Front-End","Talos","New York, NY","https://www.linkedin.com/jobs/view/software-engineer-front-end-at-talos-4342253325?position=40&pageNum=0&refId=SIFi8ZUq65mLTcT3ffXhkw%3D%3D&trackingId=f10QD8dQDurh81zAh%2B14iw%3D%3D"
"linkedin","Front end Developer","CIMSOLUTIONS","The Randstad, Netherlands","https://nl.linkedin.com/jobs/view/front-end-developer-at-cimsolutions-4325067421?position=41&pageNum=0&refId=SIFi8ZUq65mLTcT3ffXhkw%3D%3D&trackingId=theRi7vJLVgwky2a12tsVA%3D%3D"
"linkedin","Full-Stack Software Engineer (New graduates: Canada)","Wanderlog","Canada","https://ca.linkedin.com/jobs/view/full-stack-software-engineer-new-graduates-canada-at-wanderlog-4342076694?position=42&pageNum=0&refId=SIFi8ZUq65mLTcT3ffXhkw%3D%3D&trackingId=rFoMR%2F5prNPmX9ixfvMwSw%3D%3D"
"linkedin","Frontend Developer","Flexiple","India","https://in.linkedin.com/jobs/view/frontend-developer-at-flexiple-4340369390?position=43&pageNum=0&refId=SIFi8ZUq65mLTcT3ffXhkw%3D%3D&trackingId=eZzeQ3rOVZ1FKgS9c1%2BxBw%3D%3D"
"linkedin","Junior Software Developer","Adecco","Rome, Latium, Italy","https://it.linkedin.com/jobs/view/junior-software-developer-at-adecco-4348140920?position=44&pageNum=0&refId=SIFi8ZUq65mLTcT3ffXhkw%3D%3D&trackingId=u6P%2B1fb9Eaqdq5V1%2Fdb4Zg%3D%3D"
"linkedin","Full-Stack Software Engineer (New graduates: United States)","Wanderlog","United States","https://www.linkedin.com/jobs/view/full-stack-software-engineer-new-graduates-united-states-at-wanderlog-4342116369?position=45&pageNum=0&refId=SIFi8ZUq65mLTcT3ffXhkw%3D%3D&trackingId=mmPaM%2BeOM3XaCPmlpf%2BU3A%3D%3D"
"linkedin","Front end Developer","CIMSOLUTIONS","Overijssel, Netherlands","https://nl.linkedin.com/jobs/view/front-end-developer-at-cimsolutions-4324949064?position=46&pageNum=0&refId=SIFi8ZUq65mLTcT3ffXhkw%3D%3D&trackingId=q0ACMCQ%2BtfCJJBwY52eaZg%3D%3D"
"linkedin","Front end Developer","CIMSOLUTIONS","South Holland, Netherlands","https://nl.linkedin.com/jobs/view/front-end-developer-at-cimsolutions-4325127293?position=47&pageNum=0&refId=SIFi8ZUq65mLTcT3ffXhkw%3D%3D&trackingId=plQK3cuLu6kPVs74e8eqEw%3D%3D"
"linkedin","Front end Developer","CIMSOLUTIONS","Drenthe, Netherlands","https://nl.linkedin.com/jobs/view/front-end-developer-at-cimsolutions-4325037510?position=48&pageNum=0&refId=SIFi8ZUq65mLTcT3ffXhkw%3D%3D&trackingId=gjENSxcQERQBQ1J7%2FT5iug%3D%3D"
"linkedin","Software Developer (Python) - Up to Â£140,000 + Bonus + Package","Hunter Bond","London, England, United Kingdom","https://uk.linkedin.com/jobs/view/software-developer-python-up-to-%C2%A3140-000-%2B-bonus-%2B-package-at-hunter-bond-4348048165?position=49&pageNum=0&refId=SIFi8ZUq65mLTcT3ffXhkw%3D%3D&trackingId=OCeUHOvlD43CuK44R8ATMg%3D%3D"
"linkedin","Front end Developer","CIMSOLUTIONS","North Holland, Netherlands","https://nl.linkedin.com/jobs/view/front-end-developer-at-cimsolutions-4325147114?position=50&pageNum=0&refId=SIFi8ZUq65mLTcT3ffXhkw%3D%3D&trackingId=vb2LPPJQ9XlXBc4lXqoLiA%3D%3D"
"linkedin","Junior Software Engineer (x/f/m) - Canada ðŸ‡¨ðŸ‡¦","Alan","Toronto, Ontario, Canada","https://ca.linkedin.com/jobs/view/junior-software-engineer-x-f-m-canada-%F0%9F%87%A8%F0%9F%87%A6-at-alan-4341500049?position=51&pageNum=0&refId=SIFi8ZUq65mLTcT3ffXhkw%3D%3D&trackingId=rDWMg5IeiPIGx4bhqgE2Hw%3D%3D"
"linkedin","Front end Developer","CIMSOLUTIONS","Zeeland, Netherlands","https://nl.linkedin.com/jobs/view/front-end-developer-at-cimsolutions-4324997913?position=52&pageNum=0&refId=SIFi8ZUq65mLTcT3ffXhkw%3D%3D&trackingId=p%2FwV9BwFSKtuzmdONeH0jg%3D%3D"
"linkedin","Software Engineer","Tines","Ireland","https://ie.linkedin.com/jobs/view/software-engineer-at-tines-4341041809?position=53&pageNum=0&refId=SIFi8ZUq65mLTcT3ffXhkw%3D%3D&trackingId=CiF5XtIqLSiwFlGar5G5Tw%3D%3D"
"linkedin","Front End Developer","Talan - UK","London, England, United Kingdom","https://uk.linkedin.com/jobs/view/front-end-developer-at-talan-uk-4145597716?position=54&pageNum=0&refId=SIFi8ZUq65mLTcT3ffXhkw%3D%3D&trackingId=IA9JaN32ew99DNEXzkjfEw%3D%3D"
"linkedin","Software Engineer","Intellect Group","United Kingdom","https://uk.linkedin.com/jobs/view/software-engineer-at-intellect-group-4340772720?position=55&pageNum=0&refId=SIFi8ZUq65mLTcT3ffXhkw%3D%3D&trackingId=BIcF8uDBLPBaWujhToLAlg%3D%3D"
"linkedin","Software Engineer, Frontend - Canada","DoorDash","Toronto, Ontario, Canada","https://ca.linkedin.com/jobs/view/software-engineer-frontend-canada-at-doordash-4229281507?position=56&pageNum=0&refId=SIFi8ZUq65mLTcT3ffXhkw%3D%3D&trackingId=MvYnnMxiAr7r6sO%2BHrgZZw%3D%3D"
"linkedin","Front end Developer","CIMSOLUTIONS","Groningen, Netherlands","https://nl.linkedin.com/jobs/view/front-end-developer-at-cimsolutions-4325037512?position=57&pageNum=0&refId=SIFi8ZUq65mLTcT3ffXhkw%3D%3D&trackingId=PNz7qyF4bFCHSDhEYeGBcg%3D%3D"
"linkedin","Front end Developer","CIMSOLUTIONS","Flevoland, Netherlands","https://nl.linkedin.com/jobs/view/front-end-developer-at-cimsolutions-4325187115?position=58&pageNum=0&refId=SIFi8ZUq65mLTcT3ffXhkw%3D%3D&trackingId=7gmtUjN7mk8SBUzyR%2BrHSQ%3D%3D"
"linkedin","Frontend Software Engineer","ACT Group","London, England, United Kingdom","https://uk.linkedin.com/jobs/view/frontend-software-engineer-at-act-group-4340680574?position=59&pageNum=0&refId=SIFi8ZUq65mLTcT3ffXhkw%3D%3D&trackingId=E3%2Bl1Km6s1XiYKLxSXZzbg%3D%3D"
"linkedin","Front end Developer","CIMSOLUTIONS","Utrecht, Netherlands","https://nl.linkedin.com/jobs/view/front-end-developer-at-cimsolutions-4324958757?position=60&pageNum=0&refId=SIFi8ZUq65mLTcT3ffXhkw%3D%3D&trackingId=KmchYhLochMCOCEaiKSgiA%3D%3D"
"indeed","JavaScript Application Developer","Advocates for Human Potential, Inc.","Remote","https://www.indeed.com/viewjob?jk=d44ec20a3f7cf574"
"indeed","Lead Backend Manager | Website building/ optimizing for online brands","InsightX Media","Remote","https://www.indeed.com/viewjob?jk=ec95613b1f512570"
"indeed","Lead Backend Manager | Website building/ optimizing for online brands","InsightX Media","Remote","https://www.indeed.com/viewjob?jk=123456789abcdef0"
"indeed","Artificial Intelligence Engineer","Innovate Tech IT LLC","Remote","https://www.indeed.com/viewjob?jk=4bd2845d07d97afa"
"indeed","Staff Full Stack Software Engineer (JVM/React)","Seeq","Remote","https://www.indeed.com/viewjob?jk=a9b64c0d8025fa60"
"indeed","Full Stack Developer","Bigworlditsolutions","Remote","https://www.indeed.com/viewjob?jk=5f13d5328acf084b"
"indeed","Principal Software Engineer","Next Staffing Group LLC","Remote in Jacksonville, FL","https://www.indeed.com/viewjob?jk=ccfd32af2a13cacb"
"indeed","Software Developer - Client Development","Plexis Healthcare Systems","Remote in Medford, OR 97504","https://www.indeed.com/viewjob?jk=f8b8e55bce5533c1"
"indeed","Senior MEAN Stack Developer (Remote - Global)","Yellow Labs Software","Remote","https://www.indeed.com/viewjob?jk=2597153b71c5a692"
"indeed","Staff Software Engineer","CertifID","Remote in Austin, TX","https://www.indeed.com/viewjob?jk=9f6c70195860d881"
"indeed","Sr. Developer (US Census Bureau)","CPMC LLC","Remote","https://www.indeed.com/viewjob?jk=7e030fbeeaf32480"
"indeed","Principal Software Engineer, Advanced Development","OpenDrives","Remote","https://www.indeed.com/viewjob?jk=f93209631858c9e2"
"indeed","Java/React Software Developer (Senior Level)","J-Mack Technologies","Remote","https://www.indeed.com/viewjob?jk=8a35bbb559516e77"
"indeed","Senior Salesforce Developer (USA Remote)","Gurobi Optimization","Remote","https://www.indeed.com/viewjob?jk=cfa5a2a1719f9b7a"
"indeed","Senior DevOps Engineer","VYNYL","Remote in Los Angeles, CA","https://www.indeed.com/viewjob?jk=258367c173471ff3"
"indeed","Java API Developer","Enfec Solutions","Remote","https://www.indeed.com/viewjob?jk=367102fb224eb251"
"simplyhired",".css-1r8atsq{background:none;border:var(--chakra-borders-none);color:var(--chakra-colors-blue-900);font-size:16px;min-height:inherit;padding:0px;white-space:normal;}.css-1r8atsq:hover,.css-1r8atsq[data-hover]{-webkit-text-decoration:underline;text-decoration:underline;background:none;border:var(--chakra-borders-none);}.css-1r8atsq:focus,.css-1r8atsq[data-focus]{outline-width:2px;outline-color:var(--chakra-colors-focusRing);outline-offset:1px;outline-style:solid;border-radius:2px;}.css-1r8atsq:focus-visible,.css-1r8atsq[data-focus-visible]{outline-width:2px;outline-color:var(--chakra-colors-focusRing);outline-offset:1px;outline-style:solid;}.css-16lgz6b{display:-webkit-inline-box;display:-webkit-inline-flex;display:-ms-inline-flexbox;display:inline-flex;-webkit-appearance:none;-moz-appearance:none;-ms-appearance:none;appearance:none;-webkit-align-items:center;-webkit-box-align:center;-ms-flex-align:center;align-items:center;-webkit-box-pack:center;-ms-flex-pack:center;-webkit-justify-content:center;justify-content:center;-webkit-user-select:none;-moz-user-select:none;-ms-user-select:none;user-select:none;position:relative;white-space:normal;vertical-align:middle;outline:2px solid transparent;outline-offset:2px;line-height:1.2;border-radius:var(--chakra-radii-full);font-weight:var(--chakra-fontWeights-semibold);transition-property:var(--chakra-transition-property-common);transition-duration:var(--chakra-transition-duration-normal);height:-webkit-fit-content;height:-moz-fit-content;height:fit-content;min-width:var(--chakra-sizes-12);font-size:var(--chakra-fontSizes-lg);-webkit-padding-start:25px;padding-inline-start:25px;-webkit-padding-end:25px;padding-inline-end:25px;min-height:46px;padding-top:11px;padding-bottom:11px;background:var(--chakra-colors-magenta-700);color:var(--chakra-colors-white);background:none;border:var(--chakra-borders-none);color:var(--chakra-colors-blue-900);font-size:16px;min-height:inherit;padding:0px;white-space:normal;}.css-16lgz6b:focus-visible,.css-16lgz6b[data-focus-visible]{box-shadow:inset 0 0 0 2px white,0 0 0 1px var(--chakra-colors-magenta-800);outline:2px solid transparent;outline-offset:2px;}.css-16lgz6b:disabled,.css-16lgz6b[disabled],.css-16lgz6b[aria-disabled=true],.css-16lgz6b[data-disabled]{opacity:1;cursor:not-allowed;box-shadow:var(--chakra-shadows-none);background:var(--chakra-colors-neutral-500);}.css-16lgz6b:hover,.css-16lgz6b[data-hover]{background:var(--chakra-colors-magenta-800);-webkit-text-decoration:none;text-decoration:none;}.css-16lgz6b:hover:disabled,.css-16lgz6b[data-hover]:disabled,.css-16lgz6b:hover[disabled],.css-16lgz6b[data-hover][disabled],.css-16lgz6b:hover[aria-disabled=true],.css-16lgz6b[data-hover][aria-disabled=true],.css-16lgz6b:hover[data-disabled],.css-16lgz6b[data-hover][data-disabled]{background:var(--chakra-colors-neutral-500);}.css-16lgz6b:active,.css-16lgz6b[data-active]{background:var(--chakra-colors-magenta-800);}.css-16lgz6b:hover,.css-16lgz6b[data-hover]{-webkit-text-decoration:underline;text-decoration:underline;background:none;border:var(--chakra-borders-none);}.css-16lgz6b:focus,.css-16lgz6b[data-focus]{outline-width:2px;outline-color:var(--chakra-colors-focusRing);outline-offset:1px;outline-style:solid;border-radius:2px;}.css-16lgz6b:focus-visible,.css-16lgz6b[data-focus-visible]{outline-width:2px;outline-color:var(--chakra-colors-focusRing);outline-offset:1px;outline-style:solid;}Principal Software EngineerPrincipal Software Engineer","Next Staffing Group LLC","Jacksonville, FL","https://www.simplyhired.com/job/62aFnFTXycuySDbw6miPA1yTq6cMbz-bKsPTNhsUNpggw-JXgZlhXw"
"simplyhired","Software Engineer Front-EndSoftware Engineer Front-End","Switch","Remote","https://www.simplyhired.com/job/1SWR1xVzYxBfLDHzsnsOjLIYtc7CeWNWhIzRoW_rjZw7uyQe9ND4eA"
"simplyhired","Frontend Software Engineer, Web ExperienceFrontend Software Engineer, Web Experience","RealSelf","Remote","https://www.simplyhired.com/job/WwjeQi0wafUk3-fOkfuS3pAwtvchSPQKcpQC4k1tJGB2i06wVx8HcQ"
"simplyhired","Sr. Frontend Engineer (React)Sr. Frontend Engineer (React)","UTILITY","Remote","https://www.simplyhired.com/job/KcH-JkQ9jzNoKywC0QkZY1U72K351HdXExRV-KrtFk2jlMgc5qVSsg"
"simplyhired","(1282) Senior Frontend React Engineer(1282) Senior Frontend React Engineer","Nearsure","Remote","https://www.simplyhired.com/job/ga3WXXKc75yP26YEYT5k01LMn3d1EgRxL9CF_s7VKInY2fQBec8-fw"
"simplyhired","Software Engineer - Frontend (Remote)Software Engineer - Frontend (Remote)","Dagster Labs","San Francisco, CA","https://www.simplyhired.com/job/MDTttPRePyI3vfeUkevObcB-bdGEobCJzRGJVF-w0d5jMcOODocDHw"
"simplyhired","Software Engineer, FrontendSoftware Engineer, Frontend","Clipboard","San Francisco, CA","https://www.simplyhired.com/job/MfU28mkzpAPnMKwkcu_XOg3NNgAhqMoGX5Zcc8L_5OUx4lLpi12R6Q"
"simplyhired","Senior Staff Engineer - FrontendSenior Staff Engineer - Frontend","Workiva","Remote","https://www.simplyhired.com/job/ojsxRtZcZe2EspfNJ1IVe5DdrQoZOPEtk-lr-Dsxveb9hSTP3Xyizw"
"simplyhired","Software Engineer, Frontend - Developer ExperienceSoftware Engineer, Frontend - Developer Experience","Coinbase","Remote","https://www.simplyhired.com/job/bWkJUfrA7E8c525keBG5O0j_oAfM99ppAjtl9AEt-T10tAEWS4hazg"
"simplyhired","Jr.-Mid React DeveloperJr.-Mid React Developer","Data Surge","Remote","https://www.simplyhired.com/job/IT55iWIYFN3h5p6j16cOpmpqE0xPeokx-fElEQlFkmCE8mQI-xujoQ"
"simplyhired","Software Engineer for AI Training (Frontend)Software Engineer for AI Training (Frontend)","G2i Inc.","San Juan, PR","https://www.simplyhired.com/job/c6SgOM5M4ggAD6RUQ1iT7A4m0ekEil1G4rRwnbkytZX_9I500Ae1Aw"
"simplyhired","Frontend Senior Software EngineerFrontend Senior Software Engineer","Siteline","San Francisco, CA","https://www.simplyhired.com/job/3uYh6mCCJEwE-pKy08mGS-VqENi2o7Z0ZXfrfCHBL_DwhhbwIWFE2w"
"simplyhired","Senior Full Stack Python/FastApi/React Engineer [REMOTE]Senior Full Stack Python/FastApi/React Engineer [REMOTE]","Anovium","Remote","https://www.simplyhired.com/job/BdtxpvZunuRJrzwTyOfi0X-00JsU1xFH2ZTVJ8BxHY2gMetfOCuzpw"
"simplyhired","Software Engineer (Full-Stack)Software Engineer (Full-Stack)","Runpod, Inc.","Remote","https://www.simplyhired.com/job/L4GqpgdRgx9gb-MWjvTbLWf947pDs1aGCW7UuKKY4B0IqE-nuQduuQ"
"simplyhired","Software Engineer, Front EndSoftware Engineer, Front End","Paperless Post","New York, NY","https://www.simplyhired.com/job/7pf9jtApNmdakJH8lNisQnOpSRUzxs4uVOeE5Qi0Cy-oeJqvbwC_bg"
"simplyhired","Senior Software Engineer - FrontendSenior Software Engineer - Frontend","OutSystems","Remote","https://www.simplyhired.com/job/YeYTxdvfjKLaiFJWTIrRD5Djg25a2kavRM4oUEVdOpeAIOfI5RJ95w"
"simplyhired","Full Stack Staff Software Engineer (React/TypeScript, Python)Full Stack Staff Software Engineer (React/TypeScript, Python)","CVS Health","Atlanta, GA","https://www.simplyhired.com/job/Z1fN1nN1KNCmwdNfz0L4PrQfESYl_3WeILuUreCZVTvQQ7kXUu73Ow"
"simplyhired","Software Development Engineer (Frontend)Software Development Engineer (Frontend)","4C Insights","Chicago, IL","https://www.simplyhired.com/job/5tj02IYBSVmfazCC_wu91u3OStqAZUqTBMTm2HhkgzUM8kr3edlrYw"
"simplyhired","Senior Software Engineer, Frontend - Developer Experience, MobileSenior Software Engineer, Frontend - Developer Experience, Mobile","Coinbase","Remote","https://www.simplyhired.com/job/P_KnQ19G8zV_d2MFI5rG-9Vk9VKR-PO7RfmWzen2DPweuEUJgZtb2g"
"simplyhired","Sr. Software Engineer - Frontend (Remote)Sr. Software Engineer - Frontend (Remote)","Machinify","Palo Alto, CA","https://www.simplyhired.com/job/F9saCgKnPK5xlrhjdwDo-pmWt3j7-jh4Ku8tlUSayA3IRFAHYF8k8g"
"simplyhired","Remote Full Stack EngineerRemote Full Stack Engineer","Pest Share","Remote","https://www.simplyhired.com/job/I1tL7XnYdFEALMx6QPMiP8BrLkMhGx7rbbaWtwKYPFqrNq4066lNjg"
"simplyhired","UI/UX DeveloperUI/UX Developer","Constellis","Remote","https://www.simplyhired.com/job/us3fHrUobWz9viN33z4L-Go9yTNl8gTULcLwSr9pF0ItorzB2gotOQ"
"simplyhired","Software Engineer IISoftware Engineer II","Tilt","Remote","https://www.simplyhired.com/job/ZjvCzQcdJwyPRgWNTh81EHswpZSg0MxsAFLctSwDLAEXY-7o3jm_Uw"
"simplyhired","Full Stack Staff Software Engineer (React/TypeScript, Python)Full Stack Staff Software Engineer (React/TypeScript, Python)","CVS Health","Boston, MA","https://www.simplyhired.com/job/xZPsLd6vTSHjRt7AnKZZlpmbIElgar3FL3fPL9_bhiIe5leTaaO1ZA"
"simplyhired","Software DeveloperSoftware Developer","CredX","Remote","https://www.simplyhired.com/job/NBSK9hi1cD_Uw5kMTie2Hsgsh7XrTLYrSoCww5zd07LOqc9arSoGAQ"
